"route_id","agency_id","route_short_name","route_long_name","route_type","route_color","route_text_color"
"11-SEV-1-j25-1",3,"SEV BB","Möllersdorf Lokalbahn - Tribuswinkel-Josefsthal SEV",3,"FFFFFF","000000"
"11-SEV-2-j25-2",3,"SEV BB","SEV am 11.5.2025",3,"FFFFFF","000000"
"11-SEV-3-j25-2",3,"SEV BB ","SEV am 11.5.2025",3,"FFFFFF","000000"
"11-WLB-j25-1",3,"BB","Wien Oper - Baden Josefsplatz",0,"0A295D","FFFFFF"
"11-WLB-j25-2",3,"BB","Oper/Karlsplatz U - Aßmayergasse - Inzersdorf Lokalbahn - Landesklinikum - Bahnhof - Josefsplatz",0,"0A295D","FFFFFF"
"11-WLB-j25-24",3,"BB","Oper/Karlsplatz U - Aßmayergasse - Inzersdorf Lokalbahn - Landesklinikum - Bahnhof - Josefsplatz",0,"0A295D","FFFFFF"
"11-WLB-j25-3",3,"BB","Oper/Karlsplatz U - Aßmayergasse - Inzersdorf Lokalbahn - Bahnhof - Landesklinikum - Bahnhof - Lokalbahn - Josefsplatz",0,"0A295D","FFFFFF"
"11-WLB-j25-31",3,"BB","Oper/Karlsplatz U - Aßmayergasse - Inzersdorf Lokalbahn - Landesklinikum - Bahnhof - Josefsplatz",0,"0A295D","FFFFFF"
"11-WLB-j25-4",3,"BB","Oper/Karlsplatz U - Aßmayergasse - Inzersdorf Lokalbahn - Lokalbahn - Landesklinikum - Lokalbahn - Josefsplatz",0,"0A295D","FFFFFF"
"11-WLB-j25-5",3,"BB","Oper/Karlsplatz U - Aßmayergasse - Inzersdorf Lokalbahn - Landesklinikum - Bahnhof - Josefsplatz am 8.12.2025",0,"0A295D","FFFFFF"
"11-WLB-j25-6",3,"BB","Oper/Karlsplatz U - Aßmayergasse - Inzersdorf Lokalbahn - Landesklinikum - Bahnhof - Josefsplatz",0,"0A295D","FFFFFF"
"21-U1-j25-1",4,"U1","Oberlaa - Leopoldau",1,"E3000F","FFFFFF"
"21-U1-j25-2",4,"U1","Oberlaa - Leopoldau",1,"E3000F","FFFFFF"
"21-U1-j25-24",4,"U1","Oberlaa - Leopoldau",1,"E3000F","FFFFFF"
"21-U1-j25-3",4,"U1","Oberlaa - Leopoldau Baustellenfahrplan",1,"E3000F","FFFFFF"
"21-U1-j25-31",4,"U1","Oberlaa - Leopoldau",1,"E3000F","FFFFFF"
"21-U1-j25-4",4,"U1","Oberlaa - Leopoldau Baustellenfahrplan",1,"E3000F","FFFFFF"
"21-U1-j25-5",4,"U1","Oberlaa - Leopoldau",1,"E3000F","FFFFFF"
"21-U1-j25-6",4,"U1","Oberlaa - Reumannplatz  -  Südtiroler Pl. - Leopoldau Baustellenfahrplan",1,"E3000F","FFFFFF"
"21-U2-j25-2",4,"U2","Seestadt - Schottentor",1,"A862A4","FFFFFF"
"21-U2-j25-24",4,"U2","Seestadt - Schottentor",1,"A862A4","FFFFFF"
"21-U2-j25-31",4,"U2","Seestadt - Schottentor",1,"A862A4","FFFFFF"
"21-U2-j25-90",4,"U2","Seestadt - Schottentor",1,"A862A4","FFFFFF"
"21-U3-j25-1",4,"U3","Ottakring - Simmering",1,"EF7C00","FFFFFF"
"21-U3-j25-2",4,"U3","Ottakring - Simmering",1,"EF7C00","FFFFFF"
"21-U3-j25-24",4,"U3","Ottakring - Simmering",1,"EF7C00","FFFFFF"
"21-U3-j25-25",4,"U3","Ottakring - Simmering",1,"EF7C00","FFFFFF"
"21-U3-j25-3",4,"U3","Ottakring - Simmering",1,"EF7C00","FFFFFF"
"21-U4-j25-1",4,"U4","Hütteldorf - Heiligenstadt",1,"319F49","FFFFFF"
"21-U4-j25-2",4,"U4","Hütteldorf - Heiligenstadt",1,"319F49","FFFFFF"
"21-U4-j25-24",4,"U4","Hütteldorf - Heiligenstadt",1,"319F49","FFFFFF"
"21-U4-j25-3",4,"U4","Hütteldorf - Heiligenstadt",1,"319F49","FFFFFF"
"21-U4-j25-31",4,"U4","Hütteldorf - Heiligenstadt",1,"319F49","FFFFFF"
"21-U4-j25-4",4,"U4","Hütteldorf - Heiligenstadt",1,"319F49","FFFFFF"
"21-U6-j25-1",4,"U6","Siebenhirten - Floridsdorf",1,"9D6830","FFFFFF"
"21-U6-j25-2",4,"U6","Siebenhirten - Floridsdorf",1,"9D6830","FFFFFF"
"21-U6-j25-24",4,"U6","Siebenhirten - Floridsdorf",1,"9D6830","FFFFFF"
"21-U6-j25-3",4,"U6","Siebenhirten - Floridsdorf",1,"9D6830","FFFFFF"
"21-U6-j25-31",4,"U6","Siebenhirten - Floridsdorf",1,"9D6830","FFFFFF"
"21-U6-j25-4",4,"U6","Siebenhirten - Floridsdorf",1,"9D6830","FFFFFF"
"21-U6-j25-5",4,"U6","Siebenhirten - Floridsdorf Baustellenfahrplan",1,"9D6830","FFFFFF"
"22-10-j25-1",4,"10","Dornbach - Unter St. Veit, Hummelgasse",0,"C00808","FFFFFF"
"22-10-j25-24",4,"10","Dornbach - Unter St. Veit, Hummelgasse",0,"C00808","FFFFFF"
"22-10-j25-31",4,"10","Dornbach - Unter St. Veit, Hummelgasse",0,"C00808","FFFFFF"
"22-11-j25-2",4,"11","Otto-Probst-Platz - Kaiserebersdorf",0,"C00808","FFFFFF"
"22-11-j25-24",4,"11","Otto-Probst-Platz - Kaiserebersdorf",0,"C00808","FFFFFF"
"22-11-j25-3",4,"11","Otto-Probst-Platz - Kaiserebersdorf",0,"C00808","FFFFFF"
"22-11-j25-31",4,"11","Otto-Probst-Platz - Kaiserebersdorf",0,"C00808","FFFFFF"
"22-11-j25-4",4,"11","Otto-Probst-Platz - Geiereckstraße",0,"C00808","FFFFFF"
"22-18-j25-1",4,"18","Burggasse-Stadthalle - Schlachthausgasse",0,"C00808","FFFFFF"
"22-18-j25-2",4,"18","Burggasse-Stadthalle- Matthäusgasse",0,"C00808","FFFFFF"
"22-18-j25-24",4,"18","Westbahnhof - Schlachthausgasse",0,"C00808","FFFFFF"
"22-18-j25-3",4,"18","Westbahnhof - Schlachthausgasse",0,"C00808","FFFFFF"
"22-18-j25-31",4,"18","Westbahnhof - Schlachthausgasse",0,"C00808","FFFFFF"
"22-1-j25-1",4,"1","Prater, Hauptallee - Stefan-Fadinger-Platz",0,"C00808","FFFFFF"
"22-1-j25-2",4,"1","Prater, Hauptallee - Stefan-Fadinger-Platz",0,"C00808","FFFFFF"
"22-1-j25-24",4,"1","Prater, Hauptallee - Stefan-Fadinger-Platz",0,"C00808","FFFFFF"
"22-1-j25-3",4,"1","Prater, Hauptallee - Stefan-Fadinger-Platz",0,"C00808","FFFFFF"
"22-1-j25-31",4,"1","Prater, Hauptallee - Stefan-Fadinger-Platz",0,"C00808","FFFFFF"
"22-1-j25-4",4,"1","Prater, Hauptallee - Stefan-Fadinger-Platz",0,"C00808","FFFFFF"
"22-1-j25-5",4,"1","Prater, Hauptallee - Stefan-Fadinger-Platz",0,"C00808","FFFFFF"
"22-1-j25-6",4,"1","Prater, Hauptallee - Stefan-Fadinger-Platz",0,"C00808","FFFFFF"
"22-1-j25-7",4,"1","Prater, Hauptallee - Stefan-Fadinger-Platz",0,"C00808","FFFFFF"
"22-1-j25-9",4,"1","Prater, Hauptallee - Stefan-Fadinger-Platz",0,"C00808","FFFFFF"
"22-25-j25-1",4,"25","Aspern, Oberdorfstraße - Floridsdorf",0,"C00808","FFFFFF"
"22-25-j25-2",4,"25","Aspern, Oberdorfstraße - Floridsdorf",0,"C00808","FFFFFF"
"22-25-j25-24",4,"25","Aspern, Oberdorfstraße - Floridsdorf",0,"C00808","FFFFFF"
"22-25-j25-31",4,"25","Aspern, Oberdorfstraße - Floridsdorf",0,"C00808","FFFFFF"
"22-26-j25-1",4,"26","Hausfeldstraße - Strebersdorf",0,"C00808","FFFFFF"
"22-26-j25-2",4,"26","Hausfeldtstraße - Strebersdorf",0,"C00808","FFFFFF"
"22-26-j25-24",4,"26","Hausfeldtstraße - Strebersdorf",0,"C00808","FFFFFF"
"22-26-j25-31",4,"26","Hausfeldtstraße - Strebersdorf",0,"C00808","FFFFFF"
"22-2-j25-1",4,"2","Dornbach - Friedrich-Engels-Platz",0,"C00808","FFFFFF"
"22-2-j25-2",4,"2","Dornbach - Friedrich-Engels-Platz",0,"C00808","FFFFFF"
"22-2-j25-24",4,"2","Dornbach - Friedrich-Engels-Platz",0,"C00808","FFFFFF"
"22-2-j25-3",4,"2","Dornbach - Friedrich-Engels-Platz",0,"C00808","FFFFFF"
"22-2-j25-31",4,"2","Dornbach - Friedrich-Engels-Platz",0,"C00808","FFFFFF"
"22-2-j25-4",4,"2","Dornbach - Friedrich-Engels-Platz",0,"C00808","FFFFFF"
"22-2-j25-5",4,"2","Dornbach - Friedrich-Engels-Platz",0,"C00808","FFFFFF"
"22-2-j25-6",4,"2","Dornbach - Friedrich-Engels-Platz",0,"C00808","FFFFFF"
"22-30-j25-1",4,"30","Floridsdorf - Stammersdorf",0,"C00808","FFFFFF"
"22-30-j25-24",4,"30","Floridsdorf - Stammersdorf",0,"C00808","FFFFFF"
"22-30-j25-3",4,"30","Floridsdorf - Stammersdorf",0,"C00808","FFFFFF"
"22-30-j25-31",4,"30","Floridsdorf - Stammersdorf",0,"C00808","FFFFFF"
"22-31-j25-1",4,"31","Schottenring - Stammersdorf",0,"C00808","FFFFFF"
"22-31-j25-24",4,"31","Schottenring - Stammersdorf",0,"C00808","FFFFFF"
"22-31-j25-3",4,"31","Schottenring - Stammersdorf",0,"C00808","FFFFFF"
"22-31-j25-31",4,"31","Schottenring - Stammersdorf",0,"C00808","FFFFFF"
"22-31-j25-4",4,"31","Schottenring - Stammersdorf Baustellenfahrplan",0,"C00808","FFFFFF"
"22-31-j25-5",4,"31","Schottenring - Stammersdorf",0,"C00808","FFFFFF"
"22-33-j25-1",4,"33","(Josefstädter Straße) Augasse - Friedrich-Engels-Platz",0,"C00808","FFFFFF"
"22-33-j25-2",4,"33","Josefstädter Straße - Friedrich-Engels-Platz",0,"C00808","FFFFFF"
"22-33-j25-24",4,"33","(Josefstädter Straße) Augasse - Friedrich-Engels-Platz",0,"C00808","FFFFFF"
"22-33-j25-3",4,"33","(Josefstädter Straße) Augasse - Friedrich-Engels-Platz",0,"C00808","FFFFFF"
"22-33-j25-31",4,"33","(Josefstädter Straße) Augasse - Friedrich-Engels-Platz",0,"C00808","FFFFFF"
"22-37-j25-1",4,"37","Schottentor - Hohe Warte",0,"C00808","FFFFFF"
"22-37-j25-2",4,"37","Schottentor - Hohe Warte",0,"C00808","FFFFFF"
"22-37-j25-24",4,"37","Schottentor - Hohe Warte",0,"C00808","FFFFFF"
"22-37-j25-31",4,"37","Schottentor - Hohe Warte",0,"C00808","FFFFFF"
"22-38-j25-1",4,"38","Schottentor - Grinzing",0,"C00808","FFFFFF"
"22-38-j25-2",4,"38","Schottentor - Grinzing",0,"C00808","FFFFFF"
"22-38-j25-24",4,"38","Schottentor - Grinzing",0,"C00808","FFFFFF"
"22-38-j25-31",4,"38","Schottentor - Grinzing",0,"C00808","FFFFFF"
"22-40-j25-1",4,"40","Schottentor - Gersthof, Herbeckstraße",0,"C00808","FFFFFF"
"22-40-j25-2",4,"40","Schottentor - Gersthof, Herbeckstraße",0,"C00808","FFFFFF"
"22-40-j25-24",4,"40","Schottentor - Gersthof, Herbeckstraße",0,"C00808","FFFFFF"
"22-40-j25-31",4,"40","Schottentor - Gersthof, Herbeckstraße",0,"C00808","FFFFFF"
"22-41-j25-1",4,"41","Schottentor - Pötzleinsdorf",0,"C00808","FFFFFF"
"22-41-j25-2",4,"41","Schottentor - Pötzleinsdorf",0,"C00808","FFFFFF"
"22-41-j25-24",4,"41","Schottentor - Pötzleinsdorf",0,"C00808","FFFFFF"
"22-41-j25-31",4,"41","Schottentor - Pötzleinsdorf",0,"C00808","FFFFFF"
"22-42-j25-1",4,"42","Schottentor - Antonigasse",0,"C00808","FFFFFF"
"22-42-j25-2",4,"42","Schottentor - Antonigasse",0,"C00808","FFFFFF"
"22-42-j25-24",4,"42","Schottentor - Antonigasse",0,"C00808","FFFFFF"
"22-42-j25-31",4,"42","Schottentor - Antonigasse",0,"C00808","FFFFFF"
"22-43-j25-1",4,"43","Schottentor - Neuwaldegg",0,"C00808","FFFFFF"
"22-43-j25-2",4,"43","Schottentor - Neuwaldegg",0,"C00808","FFFFFF"
"22-43-j25-24",4,"43","Schottentor - Neuwaldegg",0,"C00808","FFFFFF"
"22-43-j25-3",4,"43","Schottentor - Neuwaldegg",0,"C00808","FFFFFF"
"22-43-j25-31",4,"43","Schottentor - Neuwaldegg",0,"C00808","FFFFFF"
"22-44-j25-1",4,"44","Schottentor - Maroltingergasse",0,"C00808","FFFFFF"
"22-44-j25-2",4,"44","Schottentor - Johann-Nepomuk-Berger-Platz",0,"C00808","FFFFFF"
"22-44-j25-24",4,"44","Schottentor - Johann-Nepomuk-Berger-Platz",0,"C00808","FFFFFF"
"22-44-j25-31",4,"44","Schottentor - Johann-Nepomuk-Berger-Platz",0,"C00808","FFFFFF"
"22-46-j25-1",4,"46","Ring/Volkstheater - Joachimsthalerplatz",0,"C00808","FFFFFF"
"22-46-j25-2",4,"46","Ring/Volkstheater - Hütteldorf, Bujattigasse Baustellenfahrplan",0,"C00808","FFFFFF"
"22-46-j25-24",4,"46","Ring/Volkstheater - Joachimsthalerplatz",0,"C00808","FFFFFF"
"22-46-j25-3",4,"46","Hütteldorf, Bujattigasse - Joachimsthalerplatz",0,"C00808","FFFFFF"
"22-46-j25-31",4,"46","Ring/Volkstheater - Joachimsthalerplatz",0,"C00808","FFFFFF"
"22-49-j25-1",4,"49","Ring/Volkstheater - Hütteldorf, Bujattigasse",0,"C00808","FFFFFF"
"22-49-j25-2",4,"49","Ring/Volkstheater - Hütteldorf, Bujattigasse",0,"C00808","FFFFFF"
"22-52-j25-1",4,"52","Westbahnhof - Baumgarten",0,"C00808","FFFFFF"
"22-52-j25-2",4,"52","Ring/Volkstheater - Baumgarten Baustellenfahrplan",0,"C00808","FFFFFF"
"22-52-j25-3",4,"52","Ring/Volkstheater - Baumgarten",0,"C00808","FFFFFF"
"22-52-j25-4",4,"52","Ring/Volkstheater - Hütteldorf, Bujattigasse Baustellenfahrplan",0,"C00808","FFFFFF"
"22-52-j25-6",4,"52","Ring/Volkstheater - Hütteldorf, Bujattigasse Baustellenfahrplan",0,"C00808","FFFFFF"
"22-5-j25-1",4,"5","Praterstern - Westbahnhof",0,"C00808","FFFFFF"
"22-5-j25-2",4,"5","Praterstern - Westbahnhof",0,"C00808","FFFFFF"
"22-5-j25-24",4,"5","Praterstern - Westbahnhof",0,"C00808","FFFFFF"
"22-5-j25-3",4,"5","Praterstern - Westbahnhof",0,"C00808","FFFFFF"
"22-5-j25-31",4,"5","Praterstern - Westbahnhof",0,"C00808","FFFFFF"
"22-60-j25-1",4,"60","Westbahnhof - Rodaun",0,"C00808","FFFFFF"
"22-60-j25-2",4,"60","Westbahnhof - Rodaun",0,"C00808","FFFFFF"
"22-62-j25-1",4,"62","Oper/Karlsplatz - Lainz, Wolkersbergenstraße",0,"C00808","FFFFFF"
"22-62-j25-24",4,"62","Oper/Karlsplatz - Lainz, Wolkersbergenstraße",0,"C00808","FFFFFF"
"22-62-j25-31",4,"62","Oper/Karlsplatz - Lainz, Wolkersbergenstraße",0,"C00808","FFFFFF"
"22-6-j25-1",4,"6","Urban-Loritz-Platz - Geiereckstraße",0,"C00808","FFFFFF"
"22-6-j25-2",4,"6","Burggasse-Stadthalle - Geiereckstraße",0,"C00808","FFFFFF"
"22-6-j25-24",4,"6","Urban-Loritz-Platz - Geiereckstraße",0,"C00808","FFFFFF"
"22-6-j25-3",4,"6","Urban-Loritz-Platz - Geiereckstraße",0,"C00808","FFFFFF"
"22-6-j25-31",4,"6","Urban-Loritz-Platz - Geiereckstraße",0,"C00808","FFFFFF"
"22-71-j25-1",4,"71","Schottenring - Kaiserebersdorf",0,"C00808","FFFFFF"
"22-71-j25-2",4,"71","Schwarzenbergplatz - Kaiserebersdorf",0,"C00808","FFFFFF"
"22-71-j25-24",4,"71","Schwarzenbergplatz - Kaiserebersdorf",0,"C00808","FFFFFF"
"22-71-j25-3",4,"71","Schwarzenbergplatz - Kaiserebersdorf",0,"C00808","FFFFFF"
"22-71-j25-31",4,"71","Schwarzenbergplatz - Kaiserebersdorf",0,"C00808","FFFFFF"
"22-71-j25-4",4,"71","Schottenring- Kaiserebersdorf",0,"C00808","FFFFFF"
"22-71-j25-5",4,"71","Schwarzenbergplatz - Kaiserebersdorf",0,"C00808","FFFFFF"
"22-71-j25-6",4,"71","Schwarzenbergplatz - Kaiserebersdorf",0,"C00808","FFFFFF"
"22-71-j25-7",4,"71","Schwarzenbergplatz - Kaiserebersdorf",0,"C00808","FFFFFF"
"22-71-j25-8",4,"71","Schwarzenbergplatz - Kaiserebersdorf",0,"C00808","FFFFFF"
"22-71-j25-90",4,"71","Schottenring - Kaiserebersdorf",0,"C00808","FFFFFF"
"22-9-j25-1",4,"9","Gersthof, Wallrißstraße - Westbahnhof",0,"C00808","FFFFFF"
"22-9-j25-2",4,"9","Gersthof, Wallrißstraße - Westbahnhof",0,"C00808","FFFFFF"
"22-9-j25-24",4,"9","Gersthof, Wallrißstraße - Westbahnhof",0,"C00808","FFFFFF"
"22-9-j25-3",4,"9","Gersthof, Wallrißstraße - Westbahnhof",0,"C00808","FFFFFF"
"22-9-j25-31",4,"9","Gersthof, Wallrißstraße - Westbahnhof",0,"C00808","FFFFFF"
"22-D-j25-1",4,"D","Absberggasse - Nußdorf, Beethovengang",0,"C00808","FFFFFF"
"22-D-j25-2",4,"D","Absberggasse - Nußdorf, Beethovengang",0,"C00808","FFFFFF"
"22-D-j25-24",4,"D","Absberggasse - Nußdorf, Beethovengang",0,"C00808","FFFFFF"
"22-D-j25-3",4,"D","Absberggasse - Nußdorf, Beethovengang",0,"C00808","FFFFFF"
"22-D-j25-31",4,"D","Absberggasse - Nußdorf, Beethovengang",0,"C00808","FFFFFF"
"22-D-j25-4",4,"D","Absberggasse - Nußdorf, Beethovengang",0,"C00808","FFFFFF"
"22-D-j25-5",4,"D","Absberggasse - Nußdorf, Beethovengang",0,"C00808","FFFFFF"
"22-D-j25-6",4,"D","Absberggasse - Nußdorf, Beethovengang",0,"C00808","FFFFFF"
"22-D-j25-7",4,"D","Absberggasse - Nußdorf, Beethovengang",0,"C00808","FFFFFF"
"22-D-j25-8",4,"D","Absberggasse - Nußdorf, Beethovengang",0,"C00808","FFFFFF"
"22-D-j25-9",4,"D","Absberggasse - Nußdorf, Beethovengang",0,"C00808","FFFFFF"
"22-D-j25-90",4,"D","Absberggasse - Nußdorf, Beethovengang",0,"C00808","FFFFFF"
"22-E1-j25-1",4,"E1","Reumannplatz - Quartier Belvedere Schienenersatzverkehr",0,"FFFFFF","000000"
"22-O-j25-2",4,"O","Raxstraße, Rudolfshügelgasse - Bruno-Marek-Allee",0,"C00808","FFFFFF"
"22-O-j25-24",4,"O","Raxstraße, Rudolfshügelgasse - Praterstern",0,"C00808","FFFFFF"
"22-O-j25-3",4,"O","Raxstraße, Rudolfshügelgasse - Praterstern",0,"C00808","FFFFFF"
"22-O-j25-31",4,"O","Raxstraße, Rudolfshügelgasse - Praterstern",0,"C00808","FFFFFF"
"22-O-j25-4",4,"O","Raxstraße, Rudolfshügelgasse - Praterstern",0,"C00808","FFFFFF"
"23-10A-j25-1",4,"10A","Heiligenstadt - Niederhofstraße",3,"0A295D","FFFFFF"
"23-10A-j25-2",4,"10A","Heiligenstadt - Niederhofstraße",3,"0A295D","FFFFFF"
"23-10A-j25-24",4,"10A","Heiligenstadt - Niederhofstraße",3,"0A295D","FFFFFF"
"23-10A-j25-31",4,"10A","Heiligenstadt - Niederhofstraße",3,"0A295D","FFFFFF"
"23-11A-j25-1",4,"11A","Stadion - Heiligenstadt",3,"0A295D","FFFFFF"
"23-11A-j25-2",4,"11A","Stadion - Heiligenstadt",3,"0A295D","FFFFFF"
"23-11A-j25-3",4,"11A","Stadion - Heiligenstadt",3,"0A295D","FFFFFF"
"23-11A-j25-4",4,"11A","Stadion - Heiligenstadt",3,"0A295D","FFFFFF"
"23-11A-j25-5",4,"11A","Stadion - Lassallestraße Baustellenfahrplan",3,"0A295D","FFFFFF"
"23-11A-j25-91",4,"11A","Stadion - Heiligenstadt Baustellenfahrplan gültig bis vsl. April 2025",3,"0A295D","FFFFFF"
"23-11B-j25-1",4,"11B","Hillerstraße - Friedrich-Engels-Platz",3,"0A295D","FFFFFF"
"23-11B-j25-2",4,"11B","Vorgartenstraße - Friedrich-Engels-Platz",3,"0A295D","FFFFFF"
"23-11B-j25-24",4,"11B","Hillerstraße - Friedrich-Engels-Platz",3,"0A295D","FFFFFF"
"23-11B-j25-3",4,"11B","Hillerstraße - Friedrich-Engels-Platz",3,"0A295D","FFFFFF"
"23-11B-j25-31",4,"11B","Hillerstraße - Friedrich-Engels-Platz",3,"0A295D","FFFFFF"
"23-11B-j25-91",4,"11B","Hillerstraße - Friedrich-Engels-Platz Baustellenfahrplan gültig bis vsl. April 2025",3,"0A295D","FFFFFF"
"23-11E-j25-1",4,"11E","Geiereckstraße - Enkplatz Schienenersatzverkehr gültig von 18.03. bis 18.04.2025",3,"0A295D","FFFFFF"
"23-12A-j25-1",4,"12A","Schmelz, Gablenzgasse - Eichenstraße",3,"0A295D","FFFFFF"
"23-12A-j25-2",4,"12A","Schweglerstraße - Eichenstraße Baustellenfahrplan",3,"0A295D","FFFFFF"
"23-12A-j25-24",4,"12A","Schmelz, Gablenzgasse - Eichenstraße",3,"0A295D","FFFFFF"
"23-12A-j25-3",4,"12A","Schmelz, Gablenzgasse - Eichenstraße",3,"0A295D","FFFFFF"
"23-12A-j25-31",4,"12A","Schmelz, Gablenzgasse - Eichenstraße",3,"0A295D","FFFFFF"
"23-12A-j25-4",4,"12A","Schmelz, Gablenzgasse - Eichenstraße",3,"0A295D","FFFFFF"
"23-13A-j25-1",4,"13A","Skodagasse - Hauptbahnhof",3,"0A295D","FFFFFF"
"23-13A-j25-2",4,"13A","Skodagasse - Hauptbahnhof",3,"0A295D","FFFFFF"
"23-13A-j25-24",4,"13A","Piaristengasse - Hauptbahnhof",3,"0A295D","FFFFFF"
"23-13A-j25-3",4,"13A","Piaristengasse - Hauptbahnhof",3,"0A295D","FFFFFF"
"23-13A-j25-31",4,"13A","Piaristengasse - Hauptbahnhof",3,"0A295D","FFFFFF"
"23-13A-j25-4",4,"13A","Piaristengasse - Hauptbahnhof",3,"0A295D","FFFFFF"
"23-14A-j25-1",4,"14A","Neubaugasse - Reumannplatz",3,"0A295D","FFFFFF"
"23-14A-j25-2",4,"14A","Neubaugasse - Reumannplatz",3,"0A295D","FFFFFF"
"23-14A-j25-24",4,"14A","Neubaugasse - Reumannplatz",3,"0A295D","FFFFFF"
"23-14A-j25-3",4,"14A","Neubaugasse - Reumannplatz",3,"0A295D","FFFFFF"
"23-14A-j25-31",4,"14A","Neubaugasse - Reumannplatz",3,"0A295D","FFFFFF"
"23-15A-j25-1",4,"15A","Meidling - Enkplatz/Grillgasse",3,"0A295D","FFFFFF"
"23-15A-j25-24",4,"15A","Meidling - Enkplatz/Grillgasse",3,"0A295D","FFFFFF"
"23-15A-j25-31",4,"15A","Meidling - Enkplatz/Grillgasse",3,"0A295D","FFFFFF"
"23-16A-j25-2",4,"16A","Hetzendorf - Alaudagasse Baustellenfahrplan gültig von 13.12.2023 bis voraussichtlich Mai 2025",3,"0A295D","FFFFFF"
"23-16A-j25-24",4,"16A","Hetzendorf - Alaudagasse",3,"0A295D","FFFFFF"
"23-16A-j25-3",4,"16A","Hetzendorf - Alaudagasse",3,"0A295D","FFFFFF"
"23-16A-j25-31",4,"16A","Hetzendorf - Alaudagasse",3,"0A295D","FFFFFF"
"23-16A-j25-90",4,"16A","Hetzendorf - Alaudagasse Baustellenfahrplan gültig bis voraussichtlich April 2025",3,"0A295D","FFFFFF"
"23-17A-j25-1",4,"17A","Inzerdorf, Birostraße - Oberlaa",3,"0A295D","FFFFFF"
"23-18E-j25-1",4,"18E","Fasangasse - Fasangasse Schienenersatzverkehr gültig von 18.03. bis 06.07.2025",3,"0A295D","FFFFFF"
"23-19A-j25-1",4,"19A","Alaudagasse - Alaudagasse",3,"0A295D","FFFFFF"
"23-19A-j25-24",4,"19A","19A",3,"0A295D","FFFFFF"
"23-19A-j25-31",4,"19A","19A",3,"0A295D","FFFFFF"
"23-1A-j25-1",4,"1A","Stephansplatz - Schottentor",3,"0A295D","FFFFFF"
"23-1A-j25-2",4,"1A","Stephansplatz - Schottentor",3,"0A295D","FFFFFF"
"23-1A-j25-24",4,"1A","Stephansplatz - Schottentor",3,"0A295D","FFFFFF"
"23-20A-j25-1",4,"20A","Kaisermühlen-VIC - Neue Donau",3,"0A295D","FFFFFF"
"23-20A-j25-2",4,"20A","Kaisermühlen-VIC - Neue Donau",3,"0A295D","FFFFFF"
"23-20A-j25-24",4,"20A","Kaisermühlen-VIC - Neue Donau",3,"0A295D","FFFFFF"
"23-20A-j25-3",4,"20A","Kaisermühlen-VIC - Neue Donau",3,"0A295D","FFFFFF"
"23-20A-j25-31",4,"20A","Kaisermühlen-VIC - Neue Donau",3,"0A295D","FFFFFF"
"23-20A-j25-4",4,"20A","Kaisermühlen-VIC - Neue Donau",3,"0A295D","FFFFFF"
"23-20A-j25-90",4,"20A","Kaisermühlen-VIC - Neue Donau",3,"0A295D","FFFFFF"
"23-20B-j25-1",4,"20B","Alte Donau - Neue Donau",3,"0A295D","FFFFFF"
"23-22A-j25-2",4,"22A","Kagraner Platz - Aspernstraße Baustellenfahrplan",3,"0A295D","FFFFFF"
"23-22A-j25-24",4,"22A","Kagran - Aspernstraße",3,"0A295D","FFFFFF"
"23-22A-j25-31",4,"22A","Kagran - Aspernstraße",3,"0A295D","FFFFFF"
"23-24A-j25-1",4,"24A","Kagraner Platz - Neueßling",3,"0A295D","FFFFFF"
"23-24A-j25-2",4,"24A","Kagraner Platz - Neueßling",3,"0A295D","FFFFFF"
"23-24A-j25-24",4,"24A","Kagraner Platz - Neueßling",3,"0A295D","FFFFFF"
"23-24A-j25-31",4,"24A","Kagraner Platz - Neueßling",3,"0A295D","FFFFFF"
"23-25A-j25-1",4,"25A","Rennbahnweg - Süßenbrunner Platz",3,"0A295D","FFFFFF"
"23-25A-j25-24",4,"25A","Rennbahnweg - Süßenbrunner Platz",3,"0A295D","FFFFFF"
"23-25A-j25-31",4,"25A","Rennbahnweg - Süßenbrunner Platz",3,"0A295D","FFFFFF"
"23-26A-j25-1",4,"26A","Kagran - Groß-Enzersdorf Busbahnhof",3,"0A295D","FFFFFF"
"23-27A-j25-1",4,"27A","Kagran - Hermann-Gebauer-Straße",3,"0A295D","FFFFFF"
"23-27A-j25-24",4,"27A","Kagran - Hermann-Gebauer-Straße",3,"0A295D","FFFFFF"
"23-27A-j25-31",4,"27A","Kagran - Hermann-Gebauer-Straße",3,"0A295D","FFFFFF"
"23-27B-j25-1",4,"27B","Kagran - Satzingerweg",3,"0A295D","FFFFFF"
"23-28A-j25-90",4,"28A","Eipeldauer Straße - Breitenlee Schule",3,"0A295D","FFFFFF"
"23-29A-j25-1",4,"29A","Floridsdorf - Großfeldsiedlung",3,"0A295D","FFFFFF"
"23-29A-j25-2",4,"29A","Floridsdorf - Großfeldsiedlung Baustellenfahrplan gültig von 24.3. bis vsl. Juni 2025",3,"0A295D","FFFFFF"
"23-29A-j25-3",4,"29A","Floridsdorf - Großfeldsiedlung",3,"0A295D","FFFFFF"
"23-29A-j25-90",4,"29A","Floridsdorf - Großfeldsiedlung Baustellenfahrplan gültig bis vsl. April 2025",3,"0A295D","FFFFFF"
"23-29B-j25-1",4,"29B","Floridsdorf - Großfeldsiedlung",3,"0A295D","FFFFFF"
"23-29B-j25-2",4,"29B","Floridsdorf - Großfeldsiedlung Baustellenfahrplan gültig von 24.3. bis vsl. Juni 2025",3,"0A295D","FFFFFF"
"23-29B-j25-3",4,"29B","Floridsdorf - Großfeldsiedlung",3,"0A295D","FFFFFF"
"23-29B-j25-90",4,"29B","Floridsdorf - Großfeldsiedlung Baustellenfahrplan gültig bis vsl. April 2025",3,"0A295D","FFFFFF"
"23-2A-j25-1",4,"2A","Schwedenplatz - Schwarzenbergplatz",3,"0A295D","FFFFFF"
"23-2A-j25-2",4,"2A","Schwedenplatz - Schwarzenbergplatz",3,"0A295D","FFFFFF"
"23-2A-j25-24",4,"2A","Schwedenplatz - Schwarzenbergplatz",3,"0A295D","FFFFFF"
"23-2A-j25-3",4,"2A","Schwedenplatz - Schwarzenbergplatz Baustellenfahrplan",3,"0A295D","FFFFFF"
"23-30A-j25-1",4,"30A","Neu Leopoldau - Freiheitsplatz",3,"0A295D","FFFFFF"
"23-30A-j25-24",4,"30A","Neu Leopoldau - Freiheitsplatz",3,"0A295D","FFFFFF"
"23-30A-j25-31",4,"30A","Neu Leopoldau - Freiheitsplatz",3,"0A295D","FFFFFF"
"23-31A-j25-1",4,"31A","Kagraner Platz - Jochbergengasse",3,"0A295D","FFFFFF"
"23-31A-j25-2",4,"31A","Kagraner Platz - Jochbergengasse",3,"0A295D","FFFFFF"
"23-31A-j25-24",4,"31A","Kagraner Platz - Jochbergengasse",3,"0A295D","FFFFFF"
"23-31A-j25-31",4,"31A","Kagraner Platz - Jochbergengasse",3,"0A295D","FFFFFF"
"23-32A-j25-1",4,"32A","Leopoldau - Strebersdorf",3,"0A295D","FFFFFF"
"23-32A-j25-2",4,"32A","Leopoldau - Strebersdorf",3,"0A295D","FFFFFF"
"23-32A-j25-24",4,"32A","Leopoldau - Strebersdorf",3,"0A295D","FFFFFF"
"23-32A-j25-31",4,"32A","Leopoldau - Strebersdorf",3,"0A295D","FFFFFF"
"23-33A-j25-1",4,"33A","Mühlschüttel - Floridsdorf",3,"0A295D","FFFFFF"
"23-33A-j25-2",4,"33A","Mühlschüttel - Floridsdorf",3,"0A295D","FFFFFF"
"23-33A-j25-24",4,"33A","Mühlschüttel - Floridsdorf",3,"0A295D","FFFFFF"
"23-33A-j25-31",4,"33A","Mühlschüttel - Floridsdorf",3,"0A295D","FFFFFF"
"23-34A-j25-2",4,"34A","Floridsdorf - Schwarzlackenau (-Strebersdorf)",3,"0A295D","FFFFFF"
"23-34A-j25-24",4,"34A","Floridsdorf - Schwarzlackenau (-Strebersdorf)",3,"0A295D","FFFFFF"
"23-35A-j25-1",4,"35A","Spittelau - Salmannsdorf",3,"0A295D","FFFFFF"
"23-36A-j25-1",4,"36A","Jedlesee, Bellgasse - Carabelligasse",3,"0A295D","FFFFFF"
"23-36B-j25-1",4,"36B","Jedlesee, Bellgasse - Leopoldau",3,"0A295D","FFFFFF"
"23-37A-j25-1",4,"37A","Engerthstraße/Traisengasse - Dänenstraße",3,"0A295D","FFFFFF"
"23-37A-j25-24",4,"37A","Engerthstraße/Traisengasse - Nußdorfer Straße",3,"0A295D","FFFFFF"
"23-37A-j25-31",4,"37A","Engerthstraße/Traisengasse - Nußdorfer Straße",3,"0A295D","FFFFFF"
"23-38A-j25-1",4,"38A","Heiligenstadt - Kahlenberg (-Leopoldsberg)",3,"0A295D","FFFFFF"
"23-38B-j25-1",4,"38B","Nußdorf, Beethovengang - Nußdorf Friedhof - Heiligenstädter Friedhof Allerheiligenverkehr",3,"0A295D","FFFFFF"
"23-38B-j25-24",4,"38B","Nußdorf, Beethovengang - Nußdorf Friedhof - Heiligenstädter Friedhof",3,"0A295D","FFFFFF"
"23-39A-j25-1",4,"39A","Heiligenstadt - Sievering",3,"0A295D","FFFFFF"
"23-39B-j25-1",4,"39B","Karthäuserstraße - Sieveringer Friedhof Allerheiligenverkehr",3,"0A295D","FFFFFF"
"23-39B-j25-24",4,"39B","Karthäuserstraße - Sieveringer Friedhof",3,"0A295D","FFFFFF"
"23-3A-j25-1",4,"3A","Schottenring - Stubentor",3,"0A295D","FFFFFF"
"23-3A-j25-2",4,"3A","Schottenring - Stubentor",3,"0A295D","FFFFFF"
"23-3A-j25-24",4,"3A","Schottenring - Stubentor",3,"0A295D","FFFFFF"
"23-40A-j25-1",4,"40A","Schottentor - Döblinger Friedhof",3,"0A295D","FFFFFF"
"23-40A-j25-2",4,"40A","Schottentor - Döblinger Friedhof",3,"0A295D","FFFFFF"
"23-41A-j25-1",4,"41A","Pötzleinsdorf - Neustifter Friedhof 3.Tor",3,"0A295D","FFFFFF"
"23-41A-j25-24",4,"41A","Pötzleinsdorf - Neustifter Friedhof 3.Tor",3,"0A295D","FFFFFF"
"23-41A-j25-31",4,"41A","Pötzleinsdorf - Neustifter Friedhof 3.Tor",3,"0A295D","FFFFFF"
"23-42A-j25-1",4,"42A","Hernals - Schafberghöhe",3,"0A295D","FFFFFF"
"23-42A-j25-24",4,"42A","Hernals - Schafberghöhe",3,"0A295D","FFFFFF"
"23-42A-j25-3",4,"42A","Hernals - Schafberghöhe",3,"0A295D","FFFFFF"
"23-42A-j25-31",4,"42A","Hernals - Schafberghöhe",3,"0A295D","FFFFFF"
"23-42A-j25-5",4,"42A","Hernals - Schafberghöhe",3,"0A295D","FFFFFF"
"23-42A-j25-6",4,"42A","Hernals - Schafberghöhe",3,"0A295D","FFFFFF"
"23-43A-j25-1",4,"43A","Neuwaldegg - Cobenzl Parkplatz",3,"0A295D","FFFFFF"
"23-43A-j25-2",4,"43A","Neuwaldegg - Cobenzl Parkplatz Sommerfahrplan",3,"0A295D","FFFFFF"
"23-43A-j25-24",4,"43A","Neuwaldegg - Cobenzl Parkplatz",3,"0A295D","FFFFFF"
"23-43A-j25-31",4,"43A","Neuwaldegg - Cobenzl Parkplatz",3,"0A295D","FFFFFF"
"23-43B-j25-1",4,"43B","Hütteldorf - Neustift, Agnesgasse",3,"0A295D","FFFFFF"
"23-43B-j25-24",4,"43B","Hütteldorf - Neustift, Agnesgasse",3,"0A295D","FFFFFF"
"23-43B-j25-3",4,"43B","Hütteldorf - Neustift, Agnesgasse Sommerfahrplan",3,"0A295D","FFFFFF"
"23-43B-j25-31",4,"43B","Hütteldorf - Neustift, Agnesgasse",3,"0A295D","FFFFFF"
"23-44A-j25-1",4,"44A","Hernals - Mitterberg",3,"0A295D","FFFFFF"
"23-44A-j25-2",4,"44A","Hernals - Mitterberg",3,"0A295D","FFFFFF"
"23-44A-j25-24",4,"44A","Hernals - Mitterberg",3,"0A295D","FFFFFF"
"23-44A-j25-31",4,"44A","Hernals - Mitterberg",3,"0A295D","FFFFFF"
"23-45A-j25-1",4,"45A","Ottakring - Liebhartstal",3,"0A295D","FFFFFF"
"23-45A-j25-2",4,"45A","Ottakring - Liebhartstal",3,"0A295D","FFFFFF"
"23-45A-j25-24",4,"45A","Ottakring - Liebhartstal",3,"0A295D","FFFFFF"
"23-45A-j25-3",4,"45A","Ottakring - Liebhartstal",3,"0A295D","FFFFFF"
"23-45A-j25-31",4,"45A","Ottakring - Liebhartstal",3,"0A295D","FFFFFF"
"23-46A-j25-1",4,"46A","Ottakring - Wilhelminenberg",3,"0A295D","FFFFFF"
"23-46A-j25-24",4,"46A","Ottakring - Wilhelminenberg",3,"0A295D","FFFFFF"
"23-46A-j25-3",4,"46A","Ottakring - Wilhelminenberg",3,"0A295D","FFFFFF"
"23-46A-j25-31",4,"46A","Ottakring - Wilhelminenberg",3,"0A295D","FFFFFF"
"23-46A-j25-4",4,"46A","Ottakring - Wilhelminenberg",3,"0A295D","FFFFFF"
"23-46B-j25-1",4,"46B","Ottakring - Ottakringer Bad - Wilhelminenberg",3,"0A295D","FFFFFF"
"23-46B-j25-24",4,"46B","Ottakring - Ottakringer Bad - Wilhelminenberg",3,"0A295D","FFFFFF"
"23-46B-j25-3",4,"46B","Ottakring - Wilhelminenberg",3,"0A295D","FFFFFF"
"23-46B-j25-31",4,"46B","Ottakring - Ottakringer Bad - Wilhelminenberg",3,"0A295D","FFFFFF"
"23-46B-j25-4",4,"46B","Ottakring - Wilhelminenberg",3,"0A295D","FFFFFF"
"23-47A-j25-1",4,"47A","Unter St. Veit - Klinik Penzing",3,"0A295D","FFFFFF"
"23-47A-j25-24",4,"47A","Unter St. Veit - Baumgartner Höhe",3,"0A295D","FFFFFF"
"23-47A-j25-31",4,"47A","Unter St. Veit - Baumgartner Höhe",3,"0A295D","FFFFFF"
"23-47B-j25-1",4,"47B","Hütteldorf - Hüttelberg",3,"0A295D","FFFFFF"
"23-47B-j25-24",4,"47B","Hütteldorf - Hüttelberg",3,"0A295D","FFFFFF"
"23-47B-j25-31",4,"47B","Hütteldorf - Hüttelberg",3,"0A295D","FFFFFF"
"23-48A-j25-1",4,"48A","Ring/Volkstheater - Klinik Penzing",3,"0A295D","FFFFFF"
"23-48A-j25-2",4,"48A","Ring/Volkstheater - Baumgartner Höhe",3,"0A295D","FFFFFF"
"23-49A-j25-1",4,"49A","Wolfersberg, Schöffelplatz - Hütteldorf",3,"0A295D","FFFFFF"
"23-49A-j25-24",4,"49A","Wolfersberg, Schöffelplatz - Hütteldorf",3,"0A295D","FFFFFF"
"23-49A-j25-31",4,"49A","Wolfersberg, Schöffelplatz - Hütteldorf",3,"0A295D","FFFFFF"
"23-49E-j25-2",4,"49E","Linzer Str./Lützowgasse - Linzer Str./Lützowgasse",3,"0A295D","FFFFFF"
"23-4A-j25-1",4,"4A","Karlsplatz - Wittelsbachstraße",3,"0A295D","FFFFFF"
"23-4A-j25-2",4,"4A","Karlsplatz - Wittelsbachstraße",3,"0A295D","FFFFFF"
"23-4A-j25-24",4,"4A","Karlsplatz - Wittelsbachstraße",3,"0A295D","FFFFFF"
"23-50A-j25-1",4,"50A","Hütteldorf - Auhof",3,"0A295D","FFFFFF"
"23-50A-j25-24",4,"50A","Hütteldorf - Auhof",3,"0A295D","FFFFFF"
"23-50A-j25-31",4,"50A","Hütteldorf - Auhof",3,"0A295D","FFFFFF"
"23-50B-j25-1",4,"50B","Hütteldorf - Auhof",3,"0A295D","FFFFFF"
"23-50B-j25-24",4,"50B","Hütteldorf - Auhof",3,"0A295D","FFFFFF"
"23-50B-j25-31",4,"50B","Hütteldorf - Auhof",3,"0A295D","FFFFFF"
"23-51A-j25-1",4,"51A","Hietzing - Ottakringer Bad",3,"0A295D","FFFFFF"
"23-51A-j25-2",4,"51A","Hietzing - Ottakringer Bad Haltestellenverlegung bis Juni 2025",3,"0A295D","FFFFFF"
"23-51A-j25-24",4,"51A","Hietzing - Ottakringer Bad",3,"0A295D","FFFFFF"
"23-52A-j25-1",4,"52A","Hütteldorf - Jägerwaldsiedlung",3,"0A295D","FFFFFF"
"23-52A-j25-24",4,"52A","Hütteldorf - Jägerwaldsiedlung",3,"0A295D","FFFFFF"
"23-52A-j25-31",4,"52A","Hütteldorf - Jägerwaldsiedlung",3,"0A295D","FFFFFF"
"23-52B-j25-1",4,"52B","Hütteldorf - Siedlung Kordon ( -Feuerwache Am Steinhof)",3,"0A295D","FFFFFF"
"23-52B-j25-24",4,"52B","Hütteldorf - Siedlung Kordon ( -Feuerwache Am Steinhof)",3,"0A295D","FFFFFF"
"23-52B-j25-31",4,"52B","Hütteldorf - Siedlung Kordon ( -Feuerwache Am Steinhof)",3,"0A295D","FFFFFF"
"23-53A-j25-1",4,"53A","Unter St. Veit, Verbindungsbahn - Hütteldorf",3,"0A295D","FFFFFF"
"23-53A-j25-24",4,"53A","Unter St. Veit, Verbindungsbahn - Hütteldorf",3,"0A295D","FFFFFF"
"23-53A-j25-3",4,"53A","Verbindungsbahn - Hütteldorf",3,"0A295D","FFFFFF"
"23-53A-j25-31",4,"53A","Unter St. Veit, Verbindungsbahn - Hütteldorf",3,"0A295D","FFFFFF"
"23-54A-j25-1",4,"54A","Ober St. Veit - Stock im Weg",3,"0A295D","FFFFFF"
"23-54A-j25-2",4,"54A","Ober St. Veit - Stock im Weg",3,"0A295D","FFFFFF"
"23-54A-j25-24",4,"54A","Ober St. Veit - Stock im Weg",3,"0A295D","FFFFFF"
"23-54A-j25-31",4,"54A","Ober St. Veit - Stock im Weg",3,"0A295D","FFFFFF"
"23-54B-j25-1",4,"54B","Ober St. Veit - Stock im Weg",3,"0A295D","FFFFFF"
"23-54B-j25-2",4,"54B","Ober St. Veit - Stock im Weg",3,"0A295D","FFFFFF"
"23-54B-j25-24",4,"54B","Ober St. Veit - Stock im Weg",3,"0A295D","FFFFFF"
"23-54B-j25-31",4,"54B","Ober St. Veit - Stock im Weg",3,"0A295D","FFFFFF"
"23-56A-j25-1",4,"56A","Hietzing - Atzgersdorf",3,"0A295D","FFFFFF"
"23-56A-j25-24",4,"56A","Hietzing - Atzgersdorf",3,"0A295D","FFFFFF"
"23-56A-j25-31",4,"56A","Hietzing - Atzgersdorf",3,"0A295D","FFFFFF"
"23-56B-j25-1",4,"56B","Hietzing - Lainzer Tor",3,"0A295D","FFFFFF"
"23-56B-j25-2",4,"56B","Hietzing - Lainzer Tor",3,"0A295D","FFFFFF"
"23-56B-j25-24",4,"56B","Hietzing - Lainzer Tor",3,"0A295D","FFFFFF"
"23-56B-j25-31",4,"56B","Hietzing - Lainzer Tor",3,"0A295D","FFFFFF"
"23-57A-j25-1",4,"57A","Burgring - Anschützgasse",3,"0A295D","FFFFFF"
"23-57A-j25-2",4,"57A","Burgring - Anschützgasse",3,"0A295D","FFFFFF"
"23-57A-j25-3",4,"57A","Burgring - Anschützgasse",3,"0A295D","FFFFFF"
"23-58A-j25-1",4,"58A","Hietzing - Atzgersdorf",3,"0A295D","FFFFFF"
"23-58A-j25-24",4,"58A","Hietzing - Atzgersdorf",3,"0A295D","FFFFFF"
"23-58A-j25-31",4,"58A","Hietzing - Atzgersdorf",3,"0A295D","FFFFFF"
"23-58B-j25-1",4,"58B","Hietzing - Atzgersdorf",3,"0A295D","FFFFFF"
"23-58B-j25-24",4,"58B","Hietzing - Atzgersdorf",3,"0A295D","FFFFFF"
"23-58B-j25-31",4,"58B","Hietzing - Atzgersdorf",3,"0A295D","FFFFFF"
"23-59A-j25-1",4,"59A","Oper/Karlsplatz - Bhf. Meidling",3,"0A295D","FFFFFF"
"23-59A-j25-2",4,"59A","Oper/Karlsplatz - Bhf. Meidling",3,"0A295D","FFFFFF"
"23-5A-j25-1",4,"5A","Nestroyplatz - Griegstraße",3,"0A295D","FFFFFF"
"23-5A-j25-24",4,"5A","Nestroyplatz - Griegstraße",3,"0A295D","FFFFFF"
"23-5A-j25-31",4,"5A","Nestroyplatz - Griegstraße",3,"0A295D","FFFFFF"
"23-5B-j25-1",4,"5B","Heiligenstadt - Praterstern",3,"0A295D","FFFFFF"
"23-5B-j25-24",4,"5B","Praterstern - Heiligenstadt",3,"0A295D","FFFFFF"
"23-5B-j25-31",4,"5B","Praterstern - Heiligenstadt",3,"0A295D","FFFFFF"
"23-5B-j25-91",4,"5B","Heiligenstadt - Praterstern",3,"0A295D","FFFFFF"
"23-60A-j25-1",4,"60A","Alterlaa - Liesing",3,"0A295D","FFFFFF"
"23-60A-j25-24",4,"60A","Alterlaa - Liesing",3,"0A295D","FFFFFF"
"23-60A-j25-3",4,"60A","Alterlaa - Liesing",3,"0A295D","FFFFFF"
"23-60A-j25-31",4,"60A","Alterlaa - Liesing",3,"0A295D","FFFFFF"
"23-61A-j25-1",4,"61A","Liesing - Vösendorf-Siebenhirten",3,"0A295D","FFFFFF"
"23-61B-j25-1",4,"61B","Liesing - Vösendorf-Siebenhirten",3,"0A295D","FFFFFF"
"23-62A-j25-1",4,"62A","Meidling, Eichenstr. - Liesing",3,"0A295D","FFFFFF"
"23-63A-j25-1",4,"63A","Gesundheitszentrum Süd - Am Rosenhügel",3,"0A295D","FFFFFF"
"23-64A-j25-1",4,"64A","Atzgersdorf, Ziedlergasse - Liesing",3,"0A295D","FFFFFF"
"23-64B-j25-1",4,"64B","Hetzendorf - Alterlaa",3,"0A295D","FFFFFF"
"23-64B-j25-2",4,"64B","Hetzendorf - Alterlaa",3,"0A295D","FFFFFF"
"23-64B-j25-3",4,"64B","Hetzendorf - Alterlaa",3,"0A295D","FFFFFF"
"23-65A-j25-1",4,"65A","Reumannplatz - Wienerberg City",3,"0A295D","FFFFFF"
"23-65A-j25-24",4,"65A","Reumannplatz - Wienerberg City",3,"0A295D","FFFFFF"
"23-65A-j25-90",4,"65A","Reumannplatz - Wienerberg City Baustellenfahrplan gültig bis voraussichtlich April 2025",3,"0A295D","FFFFFF"
"23-66A-j25-1",4,"66A","Reumannplatz - Liesing",3,"0A295D","FFFFFF"
"23-67A-j25-1",4,"67A","Alaudagasse - Inzersdorf,Slamastraße",3,"0A295D","FFFFFF"
"23-67A-j25-24",4,"67A","Alaudagasse - Inzersdorf, Slamastraße",3,"0A295D","FFFFFF"
"23-67A-j25-31",4,"67A","Alaudagasse - Inzersdorf, Slamastraße",3,"0A295D","FFFFFF"
"23-67B-j25-1",4,"67B","Alaudagasse - Alterlaa",3,"0A295D","FFFFFF"
"23-67B-j25-24",4,"67B","Alaudagasse - Alterlaa",3,"0A295D","FFFFFF"
"23-67B-j25-31",4,"67B","Alaudagasse - Alterlaa",3,"0A295D","FFFFFF"
"23-68A-j25-1",4,"68A","Reumannplatz - Kurpark Nordosteingang",3,"0A295D","FFFFFF"
"23-68A-j25-24",4,"68A","Reumannplatz - Kurpark Nordosteingang",3,"0A295D","FFFFFF"
"23-68A-j25-3",4,"68A","Reumannplatz - Kurpark Nordosteingang",3,"0A295D","FFFFFF"
"23-68A-j25-31",4,"68A","Reumannplatz - Kurpark Nordosteingang",3,"0A295D","FFFFFF"
"23-68B-j25-1",4,"68B","Reumannplatz - Oberlaa",3,"0A295D","FFFFFF"
"23-68B-j25-24",4,"68B","Reumannplatz - Oberlaa",3,"0A295D","FFFFFF"
"23-68B-j25-3",4,"68B","Reumannplatz - Oberlaa",3,"0A295D","FFFFFF"
"23-68B-j25-31",4,"68B","Reumannplatz - Oberlaa",3,"0A295D","FFFFFF"
"23-69A-j25-1",4,"69A","Hauptbahnhof - Simmering",3,"0A295D","FFFFFF"
"23-70A-j25-1",4,"70A","Oberlaa - Kledering Bahnhof",3,"0A295D","FFFFFF"
"23-71A-j25-1",4,"71A","Zentralfriedhof 3.Tor - Schwechat Bahnhof",3,"0A295D","FFFFFF"
"23-71A-j25-2",4,"71A","Zentralfriedhof 3.Tor - Schwechat Bahnhof",3,"0A295D","FFFFFF"
"23-71B-j25-1",4,"71B","Zentralfriedhof 3. Tor - Kaiserebersdorf",3,"0A295D","FFFFFF"
"23-71B-j25-2",4,"71B","Zentralfriedhof 3. Tor - Kaiserebersdorf",3,"0A295D","FFFFFF"
"23-72A-j25-1",4,"72A","Gasometer - Hasenleiten",3,"0A295D","FFFFFF"
"23-72A-j25-24",4,"72A","Gasometer - Hasenleiten",3,"0A295D","FFFFFF"
"23-72A-j25-31",4,"72A","Gasometer - Hasenleiten",3,"0A295D","FFFFFF"
"23-73A-j25-1",4,"73A","Simmering - Landwehrstraße",3,"0A295D","FFFFFF"
"23-73A-j25-24",4,"73A","Simmering - Landwehrstraße",3,"0A295D","FFFFFF"
"23-73A-j25-31",4,"73A","Simmering - Landwehrstraße",3,"0A295D","FFFFFF"
"23-73B-j25-1",4,"73B","Zentralfriedhof 3.Tor - Kaiserebersdorf",3,"0A295D","FFFFFF"
"23-74A-j25-1",4,"74A","Stubentor - St. Marx/Leberstraße",3,"0A295D","FFFFFF"
"23-74A-j25-2",4,"74A","Stubentor - Grasbergergasse Baustellenfahrplan gültig von 18.03. bis Ende April 2025",3,"0A295D","FFFFFF"
"23-74A-j25-4",4,"74A","Stubentor - St. Marx/Leberstraße",3,"0A295D","FFFFFF"
"23-76A-j25-1",4,"76A","Enkplatz/Grillgasse - Alberner Hafen",3,"0A295D","FFFFFF"
"23-76A-j25-24",4,"76A","Enkplatz/Grillgasse - Alberner Hafen",3,"0A295D","FFFFFF"
"23-76B-j25-1",4,"76B","Enkplatz - Alberner Hafen",3,"0A295D","FFFFFF"
"23-76B-j25-2",4,"76B","Enkplatz - Alberner Hafen",3,"0A295D","FFFFFF"
"23-76B-j25-24",4,"76B","Enkplatz - Alberner Hafen",3,"0A295D","FFFFFF"
"23-76B-j25-31",4,"76B","Enkplatz - Alberner Hafen",3,"0A295D","FFFFFF"
"23-77A-j25-1",4,"77A","Rennweg - Lusthaus",3,"0A295D","FFFFFF"
"23-77A-j25-2",4,"77A","Rennweg - Lusthaus",3,"0A295D","FFFFFF"
"23-77A-j25-24",4,"77A","Rennweg - Lusthaus",3,"0A295D","FFFFFF"
"23-79A-j25-1",4,"79A","Donaumarina - Kaiserebersdorf, Dreherstraße",3,"0A295D","FFFFFF"
"23-79A-j25-2",4,"79A","Donaumarina, Chrastekgasse - Kaiserebersdorf, Münnichplatz",3,"0A295D","FFFFFF"
"23-79A-j25-24",4,"79A","Donaumarina - Kaiserebersdorf, Dreherstraße",3,"0A295D","FFFFFF"
"23-79A-j25-31",4,"79A","Donaumarina - Kaiserebersdorf, Dreherstraße",3,"0A295D","FFFFFF"
"23-79B-j25-1",4,"79B","Donaumarina - Kaiserebersdorf, Dreherstraße",3,"0A295D","FFFFFF"
"23-79B-j25-2",4,"79B","Donaumarina - Kaiserebersdorf, Dreherstraße",3,"0A295D","FFFFFF"
"23-79B-j25-3",4,"79B","Donaumarina, Chrastekgasse - Kaiserebersdorf, Münnichplatz",3,"0A295D","FFFFFF"
"23-7A-j25-1",4,"7A","Meidling Hauptstraße - Reumannplatz",3,"0A295D","FFFFFF"
"23-7A-j25-24",4,"7A","Meidling Hauptstraße - Reumannplatz",3,"0A295D","FFFFFF"
"23-7A-j25-31",4,"7A","Meidling Hauptstraße - Reumannplatz",3,"0A295D","FFFFFF"
"23-7B-j25-1",4,"7B","Wienerberg City - Meidling",3,"0A295D","FFFFFF"
"23-7B-j25-2",4,"7B","Wienerberg City - Meidling",3,"0A295D","FFFFFF"
"23-7B-j25-3",4,"7B","Wienerberg City - Meidling",3,"0A295D","FFFFFF"
"23-80A-j25-1",4,"80A","Praterstern - Neu Marx",3,"0A295D","FFFFFF"
"23-80A-j25-24",4,"80A","Praterstern - Neu Marx",3,"0A295D","FFFFFF"
"23-80A-j25-31",4,"80A","Praterstern - Neu Marx",3,"0A295D","FFFFFF"
"23-80A-j25-90",4,"80A","Praterstern - Neu Marx",3,"0A295D","FFFFFF"
"23-82A-j25-1",4,"82A","Praterstern - Krieau",3,"0A295D","FFFFFF"
"23-82A-j25-2",4,"82A","Praterstern - Krieau",3,"0A295D","FFFFFF"
"23-84A-j25-1",4,"84A","Aspernstraße - Seestadt Baustellenfahrplan gültig von 02.07. bis vsl. September 2025",3,"0A295D","FFFFFF"
"23-84A-j25-2",4,"84A","Aspernstraße - Seestadt",3,"0A295D","FFFFFF"
"23-85A-j25-1",4,"85A","Hausfeldstraße - Breitenlee, Rautenweg",3,"0A295D","FFFFFF"
"23-85A-j25-2",4,"85A","Hausfeldstraße - Breitenlee, Rautenweg",3,"0A295D","FFFFFF"
"23-85A-j25-24",4,"85A","Hausfeldstraße - Breitenlee, Rautenweg",3,"0A295D","FFFFFF"
"23-85A-j25-31",4,"85A","Hausfeldstraße - Breitenlee, Rautenweg",3,"0A295D","FFFFFF"
"23-86A-j25-1",4,"86A","Stadlau - Breitenleer St./Arnikaweg",3,"0A295D","FFFFFF"
"23-86A-j25-24",4,"86A","Stadlau - Breitenleer St./Arnikaweg",3,"0A295D","FFFFFF"
"23-86A-j25-31",4,"86A","Stadlau - Breitenleer St./Arnikaweg",3,"0A295D","FFFFFF"
"23-87A-j25-1",4,"87A","Stadlau - Hermann-Gebauer-Straße",3,"0A295D","FFFFFF"
"23-87A-j25-24",4,"87A","Stadlau - Hermann-Gebauer-Straße",3,"0A295D","FFFFFF"
"23-87A-j25-31",4,"87A","Stadlau - Hermann-Gebauer-Straße",3,"0A295D","FFFFFF"
"23-88A-j25-1",4,"88A","Seestadt - Eßling, Stadtgrenze",3,"0A295D","FFFFFF"
"23-88A-j25-2",4,"88A","Seestadt - Eßling, Stadtgrenze",3,"0A295D","FFFFFF"
"23-88B-j25-1",4,"88B","Seestadt - Eßling, Wegmayersiedlung",3,"0A295D","FFFFFF"
"23-89A-j25-1",4,"89A","Seestadt - Invalidensiedlung Baustellenfahrplan gültig von 02.07. bis vsl. September 2025",3,"0A295D","FFFFFF"
"23-89A-j25-2",4,"89A","Aspern Nord - Invalidensiedlung",3,"0A295D","FFFFFF"
"23-8A-j25-1",4,"8A","Meidling - Küniglberg/ORF-Zentrum",3,"0A295D","FFFFFF"
"23-8A-j25-24",4,"8A","Meidling - Küniglberg/ORF-Zentrum",3,"0A295D","FFFFFF"
"23-92A-j25-1",4,"92A","Kaisermühlen V.I.C. - Aspern, Zachgasse Winterfahrplan",3,"0A295D","FFFFFF"
"23-92A-j25-2",4,"92A","Kaisermühlen V.I.C. - Aspern, Zachgasse",3,"0A295D","FFFFFF"
"23-92A-j25-24",4,"92A","Kaisermühlen V.I.C. - Aspern, Zachgasse",3,"0A295D","FFFFFF"
"23-92A-j25-3",4,"92A","Kaisermühlen V.I.C. - Aspern, Zachgasse Sommerfahrplan",3,"0A295D","FFFFFF"
"23-92A-j25-31",4,"92A","Kaisermühlen V.I.C. - Aspern, Zachgasse",3,"0A295D","FFFFFF"
"23-92B-j25-1",4,"92B","Kaisermühlen V.I.C. - Ölhafen",3,"0A295D","FFFFFF"
"23-92B-j25-2",4,"92B","Kaisermühlen V.I.C. - Ölhafen",3,"0A295D","FFFFFF"
"23-92B-j25-24",4,"92B","Kaisermühlen V.I.C. - Ölhafen",3,"0A295D","FFFFFF"
"23-92B-j25-3",4,"92B","Kaisermühlen V.I.C. - Ölhafen Sommerfahrplan",3,"0A295D","FFFFFF"
"23-92B-j25-31",4,"92B","Kaisermühlen V.I.C. - Ölhafen",3,"0A295D","FFFFFF"
"23-93A-j25-1",4,"93A","Kagran - Aspernstraße",3,"0A295D","FFFFFF"
"23-93A-j25-24",4,"93A","Kagran - Aspernstraße",3,"0A295D","FFFFFF"
"23-93A-j25-31",4,"93A","Kagran - Aspernstraße",3,"0A295D","FFFFFF"
"23-93A-j25-90",4,"93A","Kagran - Aspernstraße Aspernstraße - Kagran",3,"0A295D","FFFFFF"
"23-94A-j25-1",4,"94A","Kagran - Stadlau",3,"0A295D","FFFFFF"
"23-95A-j25-1",4,"95A","Großer Biberhaufen - Aspern Nord",3,"0A295D","FFFFFF"
"23-95A-j25-24",4,"95A","Großer Biberhaufen - Aspern Nord",3,"0A295D","FFFFFF"
"23-95A-j25-31",4,"95A","Großer Biberhaufen - Aspern Nord",3,"0A295D","FFFFFF"
"23-95B-j25-1",4,"95B","Hirschstetten Ort - Hausfeldstraße Baustellenfahrplan gültig bis voraussichtlicht 2025",3,"0A295D","FFFFFF"
"23-95B-j25-2",4,"95B","Hirschstetten Ort - Hausfeldstraße Baustellenfahrplan gültig bis voraussichtlicht 2025",3,"0A295D","FFFFFF"
"23-95B-j25-3",4,"95B","Hirschstetten Ort - Hausfeldstraße",3,"0A295D","FFFFFF"
"23-96A-j25-1",4,"96A","Schillwasserweg - Erzherzog-Karl-Straße",3,"0A295D","FFFFFF"
"23-96A-j25-2",4,"96A","Schillwasserweg - Erzherzog-Karl-Straße",3,"0A295D","FFFFFF"
"23-97A-j25-1",4,"97A","Breitenlee Schule - Aspernstraße",3,"0A295D","FFFFFF"
"23-97A-j25-24",4,"97A","Aspernstraße - Breitenlee Schule",3,"0A295D","FFFFFF"
"23-97A-j25-31",4,"97A","Aspernstraße - Breitenlee Schule",3,"0A295D","FFFFFF"
"23-98A-j25-1",4,"98A","Hirschstetten Ort - Eßling, Schippanisiedlung",3,"0A295D","FFFFFF"
"23-98A-j25-24",4,"98A","Hirschstetten Ort - Eßling, Schippanisiedlung",3,"0A295D","FFFFFF"
"23-98A-j25-31",4,"98A","Hirschstetten Ort - Eßling, Schippanisiedlung",3,"0A295D","FFFFFF"
"23-98A-j25-90",4,"98A","Hirschstetten Ort - Eßling, Schippanisiedlung",3,"0A295D","FFFFFF"
"23-99A-j25-1",4,"99A","Sestadt - Eßling Schule Baustellenfahrplan gültig von 02.07. bis vsl. September 2025",3,"0A295D","FFFFFF"
"23-99A-j25-2",4,"99A","Sestadt - Eßling Schule",3,"0A295D","FFFFFF"
"23-99A-j25-24",4,"99A","Aspern Nord - Eßling Schule",3,"0A295D","FFFFFF"
"23-99A-j25-31",4,"99A","Aspern Nord - Eßling Schule",3,"0A295D","FFFFFF"
"23-99B-j25-1",4,"99B","Seestadt - Eßling Schule Baustellenfahrplan gültig von 02.07. bis vsl. September 2025",3,"0A295D","FFFFFF"
"23-99B-j25-2",4,"99B","Aspern Nord - Eßling Schule",3,"0A295D","FFFFFF"
"23-99B-j25-24",4,"99B","Seestadt - Eßling Schule",3,"0A295D","FFFFFF"
"23-9A-j25-1",4,"9A","Meidling Hauptstraße - Bhf. Meidling",3,"0A295D","FFFFFF"
"23-9A-j25-24",4,"9A","Meidling Hauptstraße - Bhf. Meidling",3,"0A295D","FFFFFF"
"23-9A-j25-31",4,"9A","Meidling Hauptstraße - Bhf. Meidling",3,"0A295D","FFFFFF"
"24-N06-j25-1",4,"N6","Westbahnhof - Enkplatz, Grillgasse",3,"0A295D","FFFFFF"
"24-N08-j25-1",4,"N8","Handelskai - Alterlaa",3,"0A295D","FFFFFF"
"24-N20-j25-1",4,"N20","Kagraner Platz - Strebersdorf,Edmund-Hawranek-Platz",3,"0A295D","FFFFFF"
"24-N20-j25-2",4,"N20","Kagraner Platz - Strebersdorf,Edmund-Hawranek-Platz",3,"0A295D","FFFFFF"
"24-N23-j25-1",4,"N23","Kagraner Platz - Hausfeldstraße",3,"0A295D","FFFFFF"
"24-N25-j25-1",4,"N25","Schwedenplatz - Großfeldsiedlung",3,"0A295D","FFFFFF"
"24-N26-j25-1",4,"N26","Kagran - Eßling Schule",3,"0A295D","FFFFFF"
"24-N26-j25-2",4,"N26","Kagran - Eßling Schule",3,"0A295D","FFFFFF"
"24-N26-j25-91",4,"N26","Kagran - Eßling Schule",3,"0A295D","FFFFFF"
"24-N29-j25-1",4,"N29","Wittelsbachstraße - Floridsdorf",3,"0A295D","FFFFFF"
"24-N31-j25-1",4,"N31","Schwedenplatz - Stammersdorf",3,"0A295D","FFFFFF"
"24-N31-j25-2",4,"N31","Schwedenplatz - Stammersdorf",3,"0A295D","FFFFFF"
"24-N35-j25-1",4,"N35","Spittelau - Salmannsdorf",3,"0A295D","FFFFFF"
"24-N38-j25-1",4,"N38","Schottentor - Grinzing",3,"0A295D","FFFFFF"
"24-N41-j25-1",4,"N41","Schottentor - Pötzleinsdorf",3,"0A295D","FFFFFF"
"24-N43-j25-1",4,"N43","Schottentor - Neuwaldegg",3,"0A295D","FFFFFF"
"24-N46-j25-1",4,"N46","Oper/Karlsplatz - Joachimsthalerplatz",3,"0A295D","FFFFFF"
"24-N49-j25-1",4,"N49","Oper/Karlsplatz - Hütteldorf, Bujattigasse",3,"0A295D","FFFFFF"
"24-N49-j25-2",4,"N49","Oper/Karlsplatz - Hütteldorf, Bujattigasse Baustellenfahrplan",3,"0A295D","FFFFFF"
"24-N49-j25-3",4,"N49","Oper/Karlsplatz - Hütteldorf, Bujattigasse",3,"0A295D","FFFFFF"
"24-N60-j25-1",4,"N60","Oper/Karlsplatz - Rodaun",3,"0A295D","FFFFFF"
"24-N62-j25-1",4,"N62","Oper/Karlsplatz - Speising, Hermesstraße",3,"0A295D","FFFFFF"
"24-N62-j25-90",4,"N62","Oper/Karlsplatz - Speising, Hermesstraße",3,"0A295D","FFFFFF"
"24-N65-j25-1",4,"N65","Reumannplatz - Liesing Baustellenfahrplan gültig von 13.12.2023 bis voraussichtlich Mai 2025",3,"0A295D","FFFFFF"
"24-N65-j25-2",4,"N65","Reumannplatz - Liesing",3,"0A295D","FFFFFF"
"24-N65-j25-90",4,"N65","Reumannplatz - Liesing Baustellenfahrplan gültig bis voraussichtlich April 2025",3,"0A295D","FFFFFF"
"24-N66-j25-1",4,"N66","Oper/Karlsplatz - Liesing",3,"0A295D","FFFFFF"
"24-N67-j25-1",4,"N67","Quellenplatz - Inzersdorf, Großmarkt",3,"0A295D","FFFFFF"
"24-N71-j25-1",4,"N71","Oper/Karlsplatz - Kaiserebersdorf, Zinnergasse",3,"0A295D","FFFFFF"
"24-N75-j25-1",4,"N75","Oper/Karlsplatz - Gasometer",3,"0A295D","FFFFFF"
"25-25B-j25-1",4,"25B","Süßenbrunner Platz - Gerasdorf Postamt",3,"FFFFFF","000000"
"25-41A-j25-1",4,"41A","Pötzleinsdorf - Neustifter Friedhof 3.Tor",3,"FFFFFF","000000"
"25-44B-j25-1",4,"44B","Dornbach - Predigtstuhl",3,"FFFFFF","000000"
"25-49B-j25-1",4,"49B","Vorderhainbach/Augustinerwaldgasse - Hinterhainbach",3,"FFFFFF","000000"
"25-49B-j25-2",4,"49B","Vorderhainbach/Augustinerwaldgasse - Hinterhainbach",3,"FFFFFF","000000"
"25-49B-j25-3",4,"49B","Vorderhainbach/Augustinerwaldgasse - Hinterhainbach",3,"FFFFFF","000000"
"25-86A-j25-1",4,"86A","Stadlau - Breitenlee, Arnikaweg",3,"FFFFFF","000000"
"25-89A-j25-1",4,"89A","Seestadt - Invalidensiedlung Baustellenfahrplan gültig von 02.07. bis vsl. September 2025",3,"FFFFFF","000000"
"25-N17-j25-1",4,"N17","Himberger Straße - Unterlaa",3,"FFFFFF","000000"
"25-N24-F-j25-1",4,"N24","Neueßling - Kagraner Platz",3,"FFFFFF","000000"
"25-N24-W-j25-1",4,"N24","Kagraner Platz - Am Heidjöchl",3,"FFFFFF","000000"
"25-N30-j25-1",4,"N30","Floridsdorf - Neu Leopoldau",3,"FFFFFF","000000"
"25-N30-j25-2",4,"N30","Floridsdorf - Neu Leopoldau",3,"FFFFFF","000000"
"25-N30-j25-90",4,"N30","Floridsdorf - Neu Leopoldau Baustellenfahrplan gültig bis vsl. April 2025",3,"FFFFFF","000000"
"25-N30-j25-91",4,"N30","Floridsdorf - Neu Leopoldau Baustellenfahrplan gültig bis vsl. April 2025",3,"FFFFFF","000000"
"25-N30-j25-92",4,"N30","Floridsdorf - Neu Leopoldau",3,"FFFFFF","000000"
"25-N35-j25-1",4,"N35","Nußdorfer Straße - Salmannsdorf",3,"FFFFFF","000000"
"25-N36-j25-1",4,"N36","Nußdorfer Straße - Nußdorf",3,"FFFFFF","000000"
"25-N36-j25-2",4,"N36","Nußdorfer Straße - Nußdorf",3,"FFFFFF","000000"
"25-N54-j25-1",4,"N54","Westbahnhof - Ober St. Veit Haltestellenverlegung bis Juni 2025",3,"FFFFFF","000000"
"25-N54-j25-2",4,"N54","Westbahnhof - Ober St. Veit",3,"FFFFFF","000000"
"25-N61-j25-1",4,"N61","Liesing - Kalksburg, Lodererweg",3,"FFFFFF","000000"
"25-N64-j25-1",4,"N64","Alterlaa - Siebenhirten",3,"FFFFFF","000000"
"25-N68-j25-1",4,"N68","Quellenplatz - Oberlaa",3,"FFFFFF","000000"
"25-N68-j25-2",4,"N68","Quellenplatz - Oberlaa",3,"FFFFFF","000000"
"25-N81-j25-1",4,"N81","Praterstern - Praterbrücke",3,"FFFFFF","000000"
"25-N84-j25-1",4,"N84","Siegesplatz - Aspern Nord Baustellenfahrplan gültig von 02.07. bis vsl. September 2025",3,"FFFFFF","000000"
"25-N84-j25-2",4,"N84","Siegesplatz - Aspern Nord",3,"FFFFFF","000000"
"25-N90-j25-1",4,"N90","Erzherzog-Karl-Straße - Kaisermühlen-VIC",3,"FFFFFF","000000"
"25-N91-j25-1",4,"N91","Siegesplatz - Donaustadtbrücke",3,"FFFFFF","000000"
